"","SCAFFOLD","SNP","LOCUS","BP","COL","CHR","PCT"
"1","NW_008236478.1","18524_37",18524,8470856,37,"chr6",0.999462110040327
"2","NW_008236761.1","3479_27",3479,372298,27,"chr1",0.970794123559781
"3","NW_008236765.1","3809_20",3809,312431,20,"chr4",0.988514324377755
"4","NW_008237174.1","4982_21",4982,3930112,21,"chr9",0.998848109041158
"5","NW_008237265.1","22347_37",22347,2277462,37,"chr1A",1
"6","NW_008237408.1","5989_37",5989,692421,37,"chr3",0.994980621113206
"7","NW_008238132.1","7844_7",7844,6461003,7,"chr1",0.99814157311727
"8","NW_008238321.1","8226_36",8226,4624383,36,"chr14",0.998747647400481
"9","NW_008238321.1","8470_18",8470,8580799,18,"chr14",0.998747647400481
"10","NW_008238325.1","8613_26",8613,3303365,26,"chr9",0.997257220521689
"11","NW_008238342.1","19834_30",19834,413817,30,"chr20",0.99899569093189
"12","NW_008238349.1","9391_36",9391,638299,36,"chr19",1
"13","NW_008238355.1","9431_28",9431,2747568,28,"chrZ",0.997829860303219
"14","NW_008238365.1","9821_8",9821,1680204,8,"chr23",1
"15","NW_008238365.1","9878_8",9878,2317813,8,"chr23",1
"16","NW_008238370.1","10044_15",10044,126550,15,"chr27",1
"17","NW_008238635.1","10830_14",10830,118752,14,"chr8",1
"18","NW_008238635.1","10876_29",10876,2253633,29,"chr8",1
"19","NW_008238831.1","11451_39",11451,377288,39,"chr13",1
"20","NW_008238838.1","11585_32",11585,1740907,32,"chr24",0.998815572334947
"21","NW_008238988.1","12302_35",12302,7012986,35,"chr5",0.998278225156369
"22","NW_008238988.1","12342_21",12342,7594820,21,"chr5",0.998278225156369
"23","NW_008239114.1","12899_35",12899,772330,35,"chr26",1
"24","NW_008239142.1","13037_27",13037,9706,27,"chr25",1
"25","NW_008239321.1","20857_41",20857,336759,41,"chr18",1
"26","NW_008239324.1","13583_26",13583,1032478,26,"chr11",0.997936645829598
"27","NW_008239324.1","13590_32",13590,11018649,32,"chr11",0.997936645829598
"28","NW_008239324.1","13615_9",13615,1371806,9,"chr11",0.997936645829598
"29","NW_008239538.1","14000_11",14000,31837,11,"chr10",1
"30","NW_008239671.1","14617_26",14617,1448674,26,"chr4",0.999357225704747
"31","NW_008239671.1","14673_23",14673,819973,23,"chr4",0.999357225704747
"32","NW_008240221.1","16468_33",16468,12836348,33,"chr3",0.999682874662965
"33","NW_008240228.1","21513_32",21513,3405709,32,"chr3",1
"34","NW_008246061.1","17638_19",17638,354290,19,"chr15",0.995008606315608
"35","NW_008246062.1","17716_23",17716,725208,23,"chrZ",1
